id,user_id,trail_id,score,url,timestamp
1,11,5,0,'https://unsplash.com/photos/Q14J2k8VE3U',2021-08-24T22:07:42Z
2,89,2,2,'https://unsplash.com/photos/d-Cr8MEW5Uc',2022-04-24T05:11:15Z
3,6,3,0,'https://unsplash.com/photos/wE9nUW7tMmk',2021-10-15T18:43:01Z
4,69,3,2,'https://unsplash.com/photos/I_9ILwtsl_k',2021-07-28T21:43:01Z
5,64,1,3,'https://unsplash.com/photos/_DA3D5P71qs',2021-10-08T19:14:49Z
6,41,5,0,'https://unsplash.com/photos/p-bkdO43shE',2022-03-31T19:25:47Z
7,71,5,0,'https://unsplash.com/photos/xS_RzdD5CFE',2021-09-13T09:30:10Z
8,50,2,4,'https://unsplash.com/photos/tS9hJOnmKK8',2021-12-19T06:07:34Z
9,42,4,4,'https://unsplash.com/photos/fj0tFloTPGQ',2021-07-30T04:44:47Z
10,4,2,2,'https://unsplash.com/photos/3HlgJNdnD7I',2021-09-29T11:26:32Z
11,68,4,3,'https://unsplash.com/photos/asrWX-lU3RE',2022-01-07T01:11:38Z
12,50,1,3,'https://unsplash.com/photos/rf-0DQu5M6Y',2021-10-29T08:22:20Z
13,1,1,2,'https://unsplash.com/photos/hlnucYOsL-c',2022-05-03T18:54:22Z
14,37,1,2,'https://unsplash.com/photos/A88emaZe7d8',2022-04-29T09:59:28Z
15,39,4,0,'https://unsplash.com/photos/3MtiSMdnoCo',2021-09-19T03:32:03Z
16,5,5,3,'https://unsplash.com/photos/ywiAen4L4qA',2021-12-19T12:57:13Z
17,25,2,2,'https://unsplash.com/photos/yPaskTQiNjA',2021-08-22T16:22:33Z
18,68,3,1,'https://unsplash.com/photos/gq4kE8KRP8c',2021-08-31T08:22:42Z
19,88,1,1,'https://unsplash.com/photos/8Zt0xOOK4nI',2022-03-05T10:06:52Z
20,79,3,3,'https://unsplash.com/photos/Osl4I3IS9Cw',2021-06-02T23:28:05Z
21,56,4,4,'https://unsplash.com/photos/o4H20aIIAt8',2021-06-30T22:11:31Z
22,27,5,4,'https://unsplash.com/photos/2wugfiddtXw',2022-02-17T04:46:04Z
23,58,3,2,'https://unsplash.com/photos/xzZtV9ED5Bs',2021-12-18T08:29:53Z
24,54,1,1,'https://unsplash.com/photos/M-1MRfncLk0',2021-07-19T18:28:05Z
25,24,4,2,'https://unsplash.com/photos/IQ1kOQTJrOQ',2021-11-23T21:26:09Z
26,62,2,1,'https://unsplash.com/photos/Acfgb7bc-Bc',2021-06-12T18:02:35Z
27,62,1,2,'https://unsplash.com/photos/v9eNihIWh8k',2021-05-24T23:01:29Z
28,11,3,0,'https://unsplash.com/photos/KSyemQIWwP8',2022-03-26T17:05:54Z
29,48,2,1,'https://unsplash.com/photos/6xqAK6oAeHA',2021-06-04T17:28:54Z
30,60,3,1,'https://unsplash.com/photos/TuOiIpkIea8',2022-04-30T04:48:55Z
31,81,1,0,'https://unsplash.com/photos/VkuuTRkcRqw',2021-10-21T05:30:46Z
32,6,2,0,'https://unsplash.com/photos/GG0jOrmwqtw',2021-09-25T08:39:03Z
33,36,2,0,'https://unsplash.com/photos/OODWPtfXAF0',2021-05-30T22:49:58Z
34,85,4,3,'https://unsplash.com/photos/revxuIor0nY',2021-09-23T03:25:25Z
35,31,3,4,'https://unsplash.com/photos/NYDo21ssGao',2021-11-15T00:53:16Z
36,59,2,0,'https://unsplash.com/photos/xPfj_Kdcal4',2021-08-31T01:21:06Z
37,23,2,3,'https://unsplash.com/photos/tVIqMgGlAG0',2021-11-06T02:32:48Z
38,49,3,4,'https://unsplash.com/photos/xpkmxDGPz0Y',2021-10-31T16:48:52Z
39,10,5,3,'https://unsplash.com/photos/x_jTtMOOMd4',2021-08-17T17:20:51Z
40,4,4,3,'https://unsplash.com/photos/4f7r1LuPYj8',2021-08-18T21:45:26Z
41,73,5,3,'https://unsplash.com/photos/iRyGmA_no2Q',2022-03-16T22:51:54Z
42,92,3,0,'https://unsplash.com/photos/HFbRnCjWHsk',2021-10-11T12:40:48Z
43,40,4,2,'https://unsplash.com/photos/MRxD-J9-4ps',2021-05-09T09:06:55Z
44,39,1,1,'https://unsplash.com/photos/kxqvE41_07k',2021-11-28T16:47:58Z
45,94,1,0,'https://unsplash.com/photos/gkT4FfgHO5o',2022-01-18T22:24:18Z
46,33,4,3,'https://unsplash.com/photos/Zdcq3iKly6g',2021-12-25T21:39:49Z
47,86,4,3,'https://unsplash.com/photos/ti4uz330CwU',2021-11-14T17:25:20Z
48,68,4,1,'https://unsplash.com/photos/SlGVAKyP20U',2021-07-29T20:16:44Z
49,10,3,0,'https://unsplash.com/photos/oFAVqfTSby8',2022-04-16T04:40:37Z
50,28,5,0,'https://unsplash.com/photos/agkblvPff5U',2021-07-07T22:17:09Z
51,72,3,2,'https://unsplash.com/photos/xjXz8GKXcTI',2021-06-05T16:04:17Z
52,9,1,1,'https://unsplash.com/photos/yD3PXDV7Sjc',2021-05-13T13:18:29Z
53,23,1,2,'https://unsplash.com/photos/WqK_xV_hbug',2021-10-30T07:15:38Z
54,49,4,0,'https://unsplash.com/photos/Xne1N4yZuOY',2021-08-07T04:06:39Z
55,88,1,1,'https://unsplash.com/photos/BjelfpszQDw',2021-08-01T06:04:35Z
56,2,2,3,'https://unsplash.com/photos/Ven2CV8IJ5A',2022-03-06T00:36:45Z
57,79,3,2,'https://unsplash.com/photos/LbS_k_c3BYA',2021-05-18T19:28:36Z
58,82,1,3,'https://unsplash.com/photos/cSe3oKQ03OQ',2022-04-02T05:25:48Z
59,78,2,1,'https://unsplash.com/photos/TQeX8khR54I',2022-01-04T15:53:49Z
60,88,2,1,'https://unsplash.com/photos/J8k-gzI0Zy0',2021-09-20T09:41:02Z
61,89,2,2,'https://unsplash.com/photos/YYegjUYIVeg',2022-04-06T03:14:43Z
62,57,4,1,'https://unsplash.com/photos/8hgm6mKK04U',2021-10-04T05:39:10Z
63,26,4,0,'https://unsplash.com/photos/WO4bxwzHRe8',2022-03-15T21:26:59Z
64,84,4,1,'https://unsplash.com/photos/tvicgTdh7Fg',2021-05-07T21:55:02Z
65,86,1,0,'https://unsplash.com/photos/JbeBraLha7U',2021-10-14T07:34:04Z
66,56,1,3,'https://unsplash.com/photos/lp0IFw6YqZg',2021-05-21T21:57:02Z
67,81,5,3,'https://unsplash.com/photos/Ps2n0rShqaM',2021-10-17T21:52:03Z
68,58,4,4,'https://unsplash.com/photos/ICW6QYOcdlg',2021-11-18T17:23:59Z
69,48,4,1,'https://unsplash.com/photos/0EjvnhOkPLM',2022-01-16T13:39:13Z
70,12,4,2,'https://unsplash.com/photos/BwgKUh9tN84',2022-03-02T21:14:05Z
71,53,4,0,'https://unsplash.com/photos/k7bQqdUf954',2021-05-11T01:27:54Z
72,35,4,4,'https://unsplash.com/photos/yNGQ830uFB4',2021-11-21T02:44:30Z
73,45,5,1,'https://unsplash.com/photos/M_eB1UjE0do',2021-08-21T08:03:29Z
74,40,1,1,'https://unsplash.com/photos/2kc8bigeqEI',2021-06-04T16:58:52Z
75,65,2,4,'https://unsplash.com/photos/oSf8ePoG9NU',2021-10-25T04:27:00Z
76,86,4,1,'https://unsplash.com/photos/1fpyA_z2woY',2021-08-02T12:50:41Z
77,46,3,2,'https://unsplash.com/photos/pHM4a_RZSLE',2022-03-15T17:17:37Z
78,91,3,1,'https://unsplash.com/photos/P7Lh0usGcuk',2022-03-04T01:20:33Z
79,83,2,2,'https://unsplash.com/photos/jrzvClypPq8',2021-06-05T23:38:54Z
80,63,3,0,'https://unsplash.com/photos/6iat9p85VnQ',2021-06-03T17:24:10Z
81,48,3,0,'https://unsplash.com/photos/umchkHwkdyM',2021-10-11T22:30:54Z
82,71,3,1,'https://unsplash.com/photos/d6ebY-faOO0',2021-12-29T16:22:07Z
83,52,4,3,'https://unsplash.com/photos/hVOv8me9ue8',2021-09-06T01:05:34Z
84,13,4,1,'https://unsplash.com/photos/t05kfHeygbE',2021-12-02T08:52:14Z
85,2,5,3,'https://unsplash.com/photos/mR_HR8NZwg8',2021-12-07T19:05:45Z
86,85,3,0,'https://unsplash.com/photos/n6TWNDfyPwk',2021-08-31T09:12:38Z
87,43,5,3,'https://unsplash.com/photos/FC9mIjVT-Yw',2022-01-10T09:50:58Z
88,66,1,4,'https://unsplash.com/photos/RL0l7Zk5PxU',2021-10-12T16:04:12Z
89,13,2,3,'https://unsplash.com/photos/N7XodRrbzS0',2022-03-25T05:17:14Z
90,71,3,2,'https://unsplash.com/photos/nJdwUHmaY8A',2021-10-05T16:01:01Z
91,19,3,3,'https://unsplash.com/photos/wSb8d-ke5-4',2021-12-20T08:33:19Z
92,33,4,0,'https://unsplash.com/photos/YoadQb46v6k',2022-03-17T01:51:32Z
93,37,3,0,'https://unsplash.com/photos/xlAmGyZE7Zg',2021-05-18T07:48:56Z
94,91,5,2,'https://unsplash.com/photos/PFZTiiJnjag',2021-08-10T18:27:59Z
95,42,2,3,'https://unsplash.com/photos/vCqmY3bfqfo',2021-05-10T08:36:30Z
96,7,3,2,'https://unsplash.com/photos/qPJ6eRAMmCM',2022-01-22T13:33:36Z
97,81,1,4,'https://unsplash.com/photos/NYxxuBSQzp4',2021-08-01T13:09:32Z
98,25,2,0,'https://unsplash.com/photos/-FgZlbzZ0R8',2022-02-01T08:19:20Z
99,86,3,3,'https://unsplash.com/photos/jVb0mSn0LbE',2022-04-22T07:22:49Z
100,18,1,4,'https://unsplash.com/photos/sX4lxBWV0-A',2021-12-09T09:13:10Z